"Sample.Name","Biol.Rep","Year","Month","Day","TP.ug.L","TDP.ug.L","SRP.ug.L","TN.ug.L","TDN.ug.L","NO3.plus.NO2.ug.L","NO2.only.ug.L","NH4.ug.L","Notes"
"ME09Feb2013s1D0","A",2013,2,9,224,138,37,2174,1256,224,NA,99,NA
"ME09Feb2013s1D3","A",2013,2,9,69,71,24,1029,1003,229,NA,411,NA
"ME09Feb2013s1D16","A",2013,2,9,69,71,24,1029,1003,229,NA,411,NA
"ME09Feb2013s2D0","A",2013,2,9,126,74,18,1655,930,220,NA,201,NA
"ME09Feb2013s3D0","A",2013,2,9,228,84,26,2349,1002,166,NA,70,NA
"ME09Feb2013s4D0","A",2013,2,9,180,54,9,2103,917,150,NA,154,NA
"ME02Mar2013s1D0","A",2013,3,2,140,63,31,120,98,239,NA,236,NA
"ME02Mar2013s1D8","A",2013,3,2,79,58,28,69,93,222,NA,334,NA
"ME02Mar2013s1D16","A",2013,3,2,94,167,84,72,91,290,NA,544,NA
"ME02Mar2013s1D16","A",2013,3,2,104,160,76,394,98,326,NA,1038,NA
"ME02Mar2013s2D0","A",2013,3,2,193,86,14,241,85,225,NA,63,NA
"ME02Mar2013s3D0","A",2013,3,2,179,100,42,161,79,236,NA,250,NA
"ME02Mar2013s4D0","A",2013,3,2,107,97,47,83,51,242,NA,250,NA
"ME24Mar2013s1D0","A",2013,3,24,108,49,28,118,55,348,NA,358,NA
"ME24Mar2013s1D8","A",2013,3,24,0,75,30,0,50,274,NA,328,NA
"ME24Mar2013s1D16","A",2013,3,24,87,93,68,95,88,557,NA,508,NA
"ME24Mar2013s4D0","A",2013,3,24,40,20,11,54,57,423,NA,333,NA
"ME20Jun2013","A",2013,6,20,45.377,49.388,NA,1181.743,1115.626,474.809,23.404,136.211,NA
"ME20Jun2013","B",2013,6,20,46.183,46.775,NA,1170.851,1113.337,474.164,23.245,135.556,NA
"ME27Jun2013","A",2013,6,27,39.356,40.197,NA,1118.157,1053.561,429.24,24.649,117.997,NA
"ME27Jun2013","B",2013,6,27,40.377,39.967,NA,1185.994,1076.958,430.043,24.684,110.895,NA
"ME03Jul2013","A",2013,7,3,44.262,43.685,NA,1155.385,1041.985,412.52,26.684,117.244,NA
"ME03Jul2013","B",2013,7,3,43.369,41.828,NA,1167.823,1072.927,413.057,26.468,114.892,NA
"ME11Jul2013","A",2013,7,11,50.661,42.71,NA,1067.511,955.841,252.208,30.296,145.074,NA
"ME11Jul2013","B",2013,7,11,53.254,42.161,NA,1125.572,947.096,254.006,30.68,149.135,NA
"ME18Jul2013","A",2013,7,18,35.138,21.32,NA,1015.689,839.999,200.845,28.68,120.539,NA
"ME18Jul2013","B",2013,7,18,34.781,19.25,NA,991.646,880.557,197.71,28.462,119.339,NA
"ME24Jul2013","A",2013,7,24,34.697,25.494,NA,968.479,659.922,166.695,32.657,116.358,NA
"ME24Jul2013","B",2013,7,24,35.942,23.455,NA,999.513,836.531,182.987,35.863,127.849,NA
"ME29Jul2013","A",2013,7,29,43.49,23.099,NA,1012.327,755.607,133.713,32.363,104.322,NA
"ME29Jul2013","B",2013,7,29,44.791,30.08,NA,988.317,749.625,135.575,33.16,102.085,NA
"ME01Aug2013","A",2013,8,1,35.9,18.445,NA,904.537,684.041,96.249,23.511,70.954,NA
"ME01Aug2013","B",2013,8,1,36.868,18.152,NA,885.245,667.554,105.94,26.353,84.266,NA
"ME06Aug2013","A",2013,8,6,39.298,22.791,NA,948.143,753.607,122.799,35.972,119.863,NA
"ME06Aug2013","B",2013,8,6,37.139,17.315,NA,924.86,733.158,121.679,36.273,111.322,NA
"ME09Aug2013","A",2013,8,9,33.253,16.956,NA,913.358,726.427,104.411,33.28,124.395,NA
"ME09Aug2013","B",2013,8,9,33.396,14.657,NA,914.92,717.796,98.605,31.356,116.324,NA
"ME13Aug2013","A",2013,8,13,31.451,11.686,NA,941.268,740.687,93.381,31.845,144.289,NA
"ME13Aug2013","B",2013,8,13,32.249,15.083,NA,959.59,756.421,88.314,29.327,136.524,NA
"ME15Aug2013","A",2013,8,15,37.665,14.053,NA,931.73,727.263,84.875,36.127,135.825,NA
"ME15Aug2013","B",2013,8,15,40.697,11.313,NA,990.639,711.603,84.6,36.171,134.175,NA
"ME23Aug2013","A",2013,8,23,31.251,10.501,NA,860.755,672.26,29.963,17.892,152.253,NA
"ME23Aug2013","B",2013,8,23,41.069,43.56,NA,1084.168,1003.547,30.456,18.012,152.503,NA
"ME30Aug2013","A",2013,8,30,31.383,9.414,NA,933.752,726.109,7.487,3.571,108.762,NA
"ME30Aug2013","B",2013,8,30,25.926,9.764,NA,814.469,585.952,7.793,3.701,105.5,NA
"ME30Aug2013D0","A",2013,8,30,19.357,13.814,NA,742.835,625.361,5.323,0.47,27.554,NA
"ME30Aug2013D10","A",2013,8,30,20.315,12.007,NA,893.199,835.466,10.969,6.575,317.93,NA
"ME30Aug2013D15","A",2013,8,30,242.059,235.409,NA,1588.867,1585.418,2.496,0.223,1094.497,NA
"ME30Aug2013D20","A",2013,8,30,365.202,354.03,NA,2343.569,2307.732,2.108,0.156,1815.062,NA
"ME30Aug2013D5","A",2013,8,30,21.496,11.696,NA,925.371,830.963,18.329,10.675,295.928,NA
"ME06Sep2013","A",2013,9,6,26.216,10.294,NA,730.731,610.158,0.631,0.274,130.925,NA
"ME06Sep2013","B",2013,9,6,23.529,14.908,NA,713.512,599.664,0.872,0.158,138.541,NA
"ME16Sep2013","A",2013,9,16,23.294,10.687,NA,738.828,553.007,0.397,0.139,114.931,NA
"ME16Sep2013","B",2013,9,16,27.436,10.474,NA,736.991,575.664,0.419,0.122,94.688,NA
"ME14Nov2013","A",2013,11,14,102.252,66.613,NA,1184.214,1037.496,102.698,5.505,487.996,NA
"ME14Nov2013","B",2013,11,14,97.463,78.147,NA,1167.13,1045.86,106.82,5.781,494.942,NA
"ME02Feb2014D0","A",2014,2,2,77.388,61.093,NA,1432.402,1294.614,488.009,198.318,271.724,NA
"ME07May2014","A",2014,5,7,81.548,55.476,NA,1462.199,1278.488,NA,NA,NA,NA
"ME07May2014","B",2014,5,7,77.185,56.215,NA,1454.838,1282.476,NA,NA,NA,NA
"ME15May2014","A",2014,5,15,68.87,41.825,NA,1373.402,1149.015,NA,NA,NA,NA
"ME15May2014","B",2014,5,15,68.777,43.71,NA,1354.709,1145.588,NA,NA,NA,NA
"ME23May2014","A",2014,5,23,60.687,31.733,NA,1304.761,1114.943,NA,NA,NA,NA
"ME23May2014","B",2014,5,23,59.793,38.586,NA,1323.68,1126.263,NA,NA,NA,NA
"ME28May2014","A",2014,5,28,50.527,21.582,NA,1303.13,1102.04,NA,NA,NA,NA
"ME28May2014","B",2014,5,28,48.419,26.345,NA,1290.101,1101.975,NA,NA,NA,NA
"ME29May2014","A",2014,5,29,45.398,34.068,NA,1239.499,1121.901,NA,NA,NA,NA
"ME29May2014","B",2014,5,29,43.22,34.849,NA,1221.503,1138.608,NA,NA,NA,NA
"ME30May2014","A",2014,5,30,43.5,42.208,NA,1213.495,1115.575,NA,NA,NA,NA
"ME30May2014","B",2014,5,30,42.758,38.706,NA,1217.996,1158.474,NA,NA,NA,NA
"ME08Jun2014","A",2014,6,8,54.274,45.091,NA,1260.748,1135.984,NA,NA,NA,NA
"ME08Jun2014","B",2014,6,8,49.751,41.644,NA,1218.893,1137.9,NA,NA,NA,NA
"ME10Jun2014","A",2014,6,10,63.038,39.008,NA,1276.054,1065.929,NA,NA,NA,NA
"ME10Jun2014","B",2014,6,10,49.5,37.428,NA,1202.168,1093.253,NA,NA,NA,NA
"ME16Jun2014","A",2014,6,16,52.989,31.994,NA,1231.202,993.069,NA,NA,NA,NA
"ME16Jun2014","B",2014,6,16,57.707,34.673,NA,1231.31,1017.4,NA,NA,NA,NA
"ME17Jun2014","A",2014,6,17,47.411,27.712,NA,1203.64,954.529,NA,NA,NA,NA
"ME17Jun2014D0","S",2014,6,17,344.41,19.799,NA,7644.494,809.699,NA,NA,NA,"This is the corrected value from testing a 1:10 dilution for TN (695 diluted, 8390 not diluted) and TP (31 diluted, 369 not diluted)"
"ME18Jun2014","A",2014,6,18,57.548,43.214,NA,1264.735,1067.262,NA,NA,NA,NA
"ME18Jun2014","B",2014,6,18,74.617,40.296,NA,1391.108,1020.358,NA,NA,NA,NA
"ME19Jun2014","A",2014,6,19,46.96,30.149,NA,1158.132,944.733,NA,NA,NA,NA
"ME19Jun2014","B",2014,6,19,46.059,30.546,NA,1193.536,951.016,NA,NA,NA,NA
"ME24Jun2014","A",2014,6,24,37.366,24.176,NA,1094.269,890.474,NA,NA,NA,NA
"ME24Jun2014","B",2014,6,24,37.857,27.512,NA,1071.135,941.436,NA,NA,NA,NA
"ME26Jun2014","A",2014,6,26,34.955,24.725,NA,1075.185,938.303,NA,NA,NA,NA
"ME26Jun2014","B",2014,6,26,38.306,25.45,NA,1092.847,946.708,NA,NA,NA,NA
"ME30Jun2014","A",2014,6,30,38.303,20.505,NA,1049.793,904.125,NA,NA,NA,NA
"ME30Jun2014","B",2014,6,30,34.823,21.575,NA,1033.15,891.44,NA,NA,NA,NA
"ME04Jul2014","A",2014,7,4,43.726,28.898,NA,1051.476,867.55,NA,NA,NA,NA
"ME04Jul2014","B",2014,7,4,43.938,32.741,NA,1060.073,888.632,NA,NA,NA,NA
"ME04Jul2014D0","S",2014,7,4,97.295,29.792,NA,2121.581,693.666,NA,NA,NA,"This is the corrected value from testing a 1:10 dilution for TN (193 diluted, 2485 not diluted) and TP (9 diluted, 97 not diluted)"
"ME08Jul2014","A",2014,7,8,41.219,27.883,NA,993.935,792.755,NA,NA,NA,"Dates corrected from the 4/8 written on the bottle"
"ME08Jul2014","B",2014,7,8,38.971,25.676,NA,971.715,748.242,NA,NA,NA,"Dates corrected from the 4/8 written on the bottle"
"ME17Jul2014","A",2014,7,17,39.531,24.698,NA,1032.837,774.762,NA,NA,NA,NA
"ME17Jul2014","B",2014,7,17,38.975,31.258,NA,974.32,814.212,NA,NA,NA,NA
"ME20Jul2014","A",2014,7,20,33.61,19.36,NA,946.75,772.185,NA,NA,NA,"Dates corrected from the 4/20 written on the bottle"
"ME20Jul2014","B",2014,7,20,33.18,22.729,NA,991.821,922.565,NA,NA,NA,"Dates corrected from the 4/20 written on the bottle"
"ME24Jul2014","A",2014,7,24,36.908,18.94,NA,963.784,769.385,NA,NA,NA,NA
"ME24Jul2014","B",2014,7,24,31.855,16.285,NA,961.043,777.971,NA,NA,NA,NA
"ME27Jul2014","A",2014,7,27,27.259,20.608,NA,757.124,543.797,NA,NA,NA,NA
"ME27Jul2014","B",2014,7,27,25.223,14.195,NA,717.82,517.057,NA,NA,NA,NA
"ME01Aug2014","A",2014,8,1,27.608,18.621,NA,779.127,570.412,NA,NA,NA,NA
"ME01Aug2014","B",2014,8,1,30.424,15.206,NA,783.067,581.628,NA,NA,NA,NA
"ME03Aug2014","A",2014,8,3,25.019,15.177,NA,763.045,609.985,NA,NA,NA,NA
"ME03Aug2014","B",2014,8,3,26.523,18.633,NA,751.714,591.031,NA,NA,NA,NA
"ME05Aug2014","A",2014,8,5,26.08,18.216,NA,758.447,616.877,NA,NA,NA,NA
"ME05Aug2014","B",2014,8,5,25.369,13.494,NA,739.184,596.677,NA,NA,NA,NA
"ME06Aug2014","A",2014,8,6,27.734,15.543,NA,786.481,633.312,NA,NA,NA,NA
"ME06Aug2014","B",2014,8,6,26.486,15.543,NA,764.589,593.551,NA,NA,NA,NA
"ME07Aug2014","A",2014,8,7,24.137,14.763,NA,803.463,657.186,NA,NA,NA,NA
"ME07Aug2014","B",2014,8,7,26.102,15.08,NA,843.312,648.657,NA,NA,NA,NA
"ME15Aug2014","A",2014,8,15,27.574,17.915,NA,748.521,618.668,NA,NA,NA,NA
"ME15Aug2014","B",2014,8,15,30.334,12.827,NA,768.736,578.092,NA,NA,NA,NA
"ME18Aug2014","A",2014,8,18,22.15,21.434,NA,718.285,551.539,NA,NA,NA,NA
"ME18Aug2014","B",2014,8,18,27.843,19.661,NA,755.939,558.764,NA,NA,NA,NA
"ME19Aug2014","A",2014,8,19,26.634,19.482,NA,692.59,500.915,NA,NA,NA,NA
"ME19Aug2014","B",2014,8,19,26.061,19.536,NA,714.767,507.526,NA,NA,NA,NA
"ME20Aug2014","A",2014,8,20,27.717,1.771,NA,716.249,517.557,NA,NA,NA,NA
"ME20Aug2014","B",2014,8,20,20.585,28.216,NA,675.893,506.921,NA,NA,NA,NA
"ME21Aug2014","A",2014,8,21,35.825,22.142,NA,887.098,547.136,NA,NA,NA,NA
"ME21Aug2014","B",2014,8,21,24.609,21.171,NA,730.062,545.185,NA,NA,NA,NA
"ME22Aug2014","A",2014,8,22,19.511,22.138,NA,695.626,506.467,NA,NA,NA,NA
"ME22Aug2014","B",2014,8,22,19.303,23.07,NA,695.541,508.426,NA,NA,NA,NA
"ME24Aug2014","A",2014,8,24,21.292,19.501,NA,687.684,496.376,NA,NA,NA,NA
"ME24Aug2014","B",2014,8,24,20.75,21.54,NA,725.073,519.622,NA,NA,NA,NA
"ME25Aug2014","A",2014,8,25,29.414,22.746,NA,717.609,529.414,NA,NA,NA,NA
"ME25Aug2014","B",2014,8,25,26.162,21.472,NA,705.519,514.62,NA,NA,NA,NA
"ME26Aug2014","A",2014,8,26,24.285,23.1,NA,687.118,490.345,NA,NA,NA,NA
"ME26Aug2014","B",2014,8,26,20.57,22.14,NA,697.782,539.367,NA,NA,NA,NA
"ME27Aug2014","A",2014,8,27,25.913,20.692,NA,714.823,501.624,NA,NA,NA,NA
"ME27Aug2014","B",2014,8,27,28.207,21.101,NA,708.139,540.247,NA,NA,NA,NA
"ME28Aug2014","A",2014,8,28,24.258,23.789,NA,705.991,547.672,NA,NA,NA,NA
"ME28Aug2014","B",2014,8,28,22.915,20.705,NA,709.532,668.721,NA,NA,NA,NA
"ME29Aug2014","A",2014,8,29,23.801,21.944,NA,707.438,540.202,NA,NA,NA,NA
"ME29Aug2014","B",2014,8,29,21.498,22.167,NA,714.705,535.966,NA,NA,NA,NA
"ME31Aug2014","A",2014,8,31,21.096,0.686,NA,694.771,455.949,NA,NA,NA,NA
"ME31Aug2014","B",2014,8,31,25.382,14.305,NA,693.095,501.383,NA,NA,NA,NA
"ME03Sep2014","A",2014,9,3,21.044,7.019,NA,715.998,527.897,NA,NA,NA,NA
"ME03Sep2014","B",2014,9,3,24.388,8.365,NA,718.419,517.52,NA,NA,NA,NA
"ME07Sep2014","A",2014,9,7,23.464,7.493,NA,713.355,547.969,NA,NA,NA,NA
"ME07Sep2014","B",2014,9,7,24.435,8.644,NA,707.656,542.231,NA,NA,NA,NA
"ME11Sep2014","A",2014,9,11,26.511,8.85,NA,650.172,475.359,NA,NA,NA,NA
"ME11Sep2014","B",2014,9,11,20.833,8.6,NA,660.337,478.826,NA,NA,NA,NA
"ME13Sep2014","A",2014,9,13,29.796,9.881,NA,693.797,519.652,NA,NA,NA,NA
"ME13Sep2014","B",2014,9,13,28.92,10.356,NA,697.613,542.273,NA,NA,NA,NA
"ME17Sep2014","A",2014,9,17,26.474,10.274,NA,667.923,468.621,NA,NA,NA,NA
"ME17Sep2014","B",2014,9,17,28.207,10.199,NA,704.336,460.485,NA,NA,NA,NA
"ME21Sep2014","A",2014,9,21,26.216,7.09,NA,658.168,488.723,NA,NA,NA,NA
"ME21Sep2014","B",2014,9,21,23.994,10.01,NA,656.158,482.48,NA,NA,NA,NA
"ME24Sep2014","A",2014,9,24,28.107,8.851,NA,654.931,458.074,NA,NA,NA,NA
"ME24Sep2014","B",2014,9,24,23.425,7.171,NA,674.341,440.395,NA,NA,NA,NA
"ME28Sep2014","A",2014,9,28,22.733,7.496,NA,647.43,456.061,NA,NA,NA,NA
"ME28Sep2014","B",2014,9,28,23.176,6.847,NA,603.963,453.42,NA,NA,NA,NA
"ME01Oct2014","A",2014,10,1,30.975,7.932,NA,693.918,510.182,2.016,3.158,70.723,NA
"ME01Oct2014","B",2014,10,1,25.384,7.654,NA,599.878,488.437,1.758,3.067,46.397,NA
"ME05Oct2014","A",2014,10,5,39.662,15.633,NA,696.381,605.125,9.531,4.813,143.782,NA
"ME05Oct2014","B",2014,10,5,39.239,16.123,NA,712.596,586.718,9.801,5.143,144.154,NA
"ME11Oct2014","A",2014,10,11,48.65,32.365,NA,744.557,667.731,13.262,6.287,210.811,NA
"ME11Oct2014","B",2014,10,11,50.026,30.089,NA,785.984,687.173,13.343,6.56,224.191,NA
"ME11Oct2014D0","S",2014,10,11,2263.44,NA,NA,NA,NA,NA,NA,NA,NA
"ME16Oct2014","A",2014,10,16,71.254,50.283,NA,874.081,765.417,16.563,8.416,325.165,NA
"ME16Oct2014","B",2014,10,16,68.516,51.378,NA,865.919,777.693,16.487,9.661,324.651,NA
"ME02Nov2014","A",2014,11,2,89.86,70.872,NA,1008.94,924.486,47.061,17.79,411.005,NA
"ME02Nov2014","B",2014,11,2,91.689,70.682,NA,1006.374,906.006,48.639,17.952,436.983,NA
"ME09Nov2014","A",2014,11,9,96.713,78.114,NA,1040.126,993.726,70.798,22.887,503.487,NA
"ME09Nov2014","B",2014,11,9,100.228,82.249,NA,1082.157,1012.804,70.736,22.218,503.676,NA
"ME15Feb2015","A",2015,2,15,88.463,82.661,NA,1196.439,1168.332,484.792,230.247,276.051,NA
"ME15Feb2015","B",2015,2,15,87.184,78.791,NA,1186.094,1162.419,446.033,226.461,256.083,NA
"ME07Mar2015","A",2015,3,7,92.571,81.193,NA,1250.542,1213.711,719.121,6.729,44.295,NA
"ME07Mar2015","B",2015,3,7,90.133,81.496,NA,1247.601,1239.46,662.578,6.881,41.859,NA
"ME11Apr2015","A",2015,4,11,104.122,40.485,NA,1336.671,1150.064,686.207,14.225,18.388,NA
"ME11Apr2015","B",2015,4,11,107.21,40.667,NA,1327.02,1115.405,709.3,14.263,17.637,NA
"ME27Apr2015","A",2015,4,27,79.008,48.49,NA,1222.44,1219.257,645.675,9.276,43.504,NA
"ME27Apr2015","B",2015,4,27,80.99,44.623,NA,1314.567,1119.337,655.938,6.463,40.294,NA
"ME02May2015","A",2015,5,2,79.919,34.939,NA,1196.415,1070.612,557.952,10.454,17.542,NA
"ME02May2015","B",2015,5,2,73.782,34.417,NA,1184.087,1050.181,570.421,7.567,19.381,NA
"ME09May2015","A",2015,5,9,67.146,26.271,NA,1134.425,969.211,412.219,11.845,47.161,NA
"ME09May2015","B",2015,5,9,69.323,28.139,NA,1143.695,964.419,394.841,9.138,45.515,NA
"ME19May2015","A",2015,5,19,80.315,21.269,NA,1139.837,878.611,268.288,13.465,46.584,NA
"ME19May2015","B",2015,5,19,70.234,24.282,NA,1078.309,853.451,272.187,10.796,53.3,NA
"ME24May2015","A",2015,5,24,46.885,26.803,NA,944.003,916.767,280.607,13.877,116.527,NA
"ME24May2015","B",2015,5,24,48.544,28.271,NA,993.838,938.856,286.024,11.181,121.397,NA
"ME27May2015","A",2015,5,27,43.398,39.548,NA,914.652,1035.506,244.755,14.161,187.476,NA
"ME27May2015","B",2015,5,27,50.907,35.19,NA,970.255,985.632,244.672,10.694,183.643,NA
"ME28May2015","A",2015,5,28,56.286,41.772,NA,1018.69,1033.557,258.064,14.07,213.199,NA
"ME28May2015","B",2015,5,28,50.141,40.713,NA,980.807,1044.66,258.226,11.269,209.197,NA
"ME31May2015","A",2015,5,31,59.307,50.358,NA,1061.962,1111.131,276.445,14.845,256.252,NA
"ME31May2015","B",2015,5,31,53.118,49.816,NA,1021.551,1072.048,274.664,12.117,246.005,NA
"ME02Jun2015","A",2015,6,2,63.328,50.293,NA,1042.896,1094.247,274.783,15.271,261.395,NA
"ME02Jun2015","B",2015,6,2,60.395,49.348,NA,1041.441,1113.344,275.913,12.618,254.938,NA
"ME04Jun2015","A",2015,6,4,62.577,49.515,NA,1130.635,1072.913,278.493,15.812,232.664,NA
"ME04Jun2015","B",2015,6,4,100.251,49.65,NA,1026.74,1061.851,281.175,13.023,226.957,NA
"ME05Jun2015","A",2015,6,5,57.46,51.998,NA,1002.261,1032.958,282.133,15.987,232.711,NA
"ME05Jun2015","B",2015,6,5,62.409,51.551,NA,1034.859,1026.494,278.681,13.157,227.52,NA
"ME08Jun2015","A",2015,6,8,57.404,43.201,NA,984.373,1031.815,279.522,16.184,170.824,NA
"ME08Jun2015","B",2015,6,8,59.417,46.904,NA,1003.449,1079.548,275.503,13.262,148.48,NA
"ME10Jun2015","A",2015,6,10,62.436,43.146,NA,1046.447,973.129,259.222,16.768,150.347,NA
"ME10Jun2015","B",2015,6,10,76.818,43.083,NA,1118.115,986.716,257.062,13.907,147.497,NA
"ME12Jun2015","A",2015,6,12,53.865,41.243,NA,958.944,986.18,262.882,16.537,162.253,NA
"ME12Jun2015","B",2015,6,12,55.694,40.339,NA,1001.047,975.862,264.837,13.779,164.79,NA
"ME16Jun2015","A",2015,6,16,58.091,45.555,NA,969.578,983.894,236.185,17.11,177.664,NA
"ME16Jun2015","B",2015,6,16,62.65,44.711,NA,1019.026,1000.075,237.484,14.462,186.136,NA
"ME19Jun2015","A",2015,6,19,52.08,39.599,NA,959.274,950.121,209.536,17.329,146.541,NA
"ME19Jun2015","B",2015,6,19,51.236,34.598,NA,983.726,918.037,204.288,14.304,140.844,NA
"ME23Jun2015","A",2015,6,23,54.023,35.52,NA,980.921,930.044,174.511,19.199,137.541,NA
"ME23Jun2015","B",2015,6,23,51.453,33.247,NA,970.895,903.972,175.682,16.983,139.692,NA
"ME25Jun2015","A",2015,6,25,57.945,42.102,NA,976.113,927.657,160.603,22.318,165.971,NA
"ME25Jun2015","B",2015,6,25,51.983,40.231,NA,977.823,906.897,161.534,19.805,166.657,NA
"ME27Jun2015","A",2015,6,27,74.112,39.76,NA,1020.767,918.703,161.454,23.941,174.709,NA
"ME27Jun2015","B",2015,6,27,58.135,44.224,NA,986.231,911.353,167.737,22.983,188.576,NA
"ME29Jun2015","A",2015,6,29,52.103,37.981,NA,896.932,906.948,156.915,24.409,163.011,NA
"ME29Jun2015","B",2015,6,29,45.645,35.659,NA,880.763,838.653,150.78,20.3,148.859,NA
"ME01Jul2015","A",2015,7,1,50.739,36.999,NA,943.273,919.129,126.773,25.851,170.036,NA
"ME01Jul2015","B",2015,7,1,50.155,35.298,NA,962.11,859.748,125.425,23.096,166.747,NA
"ME03Jul2015","A",2015,7,3,52.112,33.528,NA,949.419,905.487,137.956,30.32,177.298,NA
"ME03Jul2015","B",2015,7,3,48.366,27.436,NA,915.052,803.348,117.656,22.27,141.201,NA
"ME07Jul2015","A",2015,7,7,62.402,22.18,NA,788.924,678.076,48.179,18.745,70.165,NA
"ME07Jul2015","B",2015,7,7,39.292,19.597,NA,782.429,693.684,57.728,18.632,77.879,NA
"ME10Jul2015","A",2015,7,10,45.907,26.479,NA,871.425,830.62,106.597,40.731,149.434,NA
"ME10Jul2015","B",2015,7,10,42.406,26.708,NA,865.053,766.819,106.391,38.959,139.134,NA
"ME13Jul2015","A",2015,7,13,38.885,19.049,NA,891.408,785.614,59.507,22.888,107.281,NA
"ME13Jul2015","B",2015,7,13,38.844,24.187,NA,848.675,878.98,65.807,23.252,116.162,NA
"ME15Jul2015","A",2015,7,15,35.262,15.124,NA,825.856,786.561,92.465,38.723,123.562,NA
"ME15Jul2015","B",2015,7,15,39.732,15.557,NA,856.694,755.963,102.62,40.378,130.591,NA
"ME19Jul2015","A",2015,7,19,41.065,17.208,NA,811.714,742.628,71.174,38.34,102.187,NA
"ME19Jul2015","B",2015,7,19,40.771,20.446,NA,886.603,773.109,75.064,40.038,118.003,NA
"ME21Jul2015","A",2015,7,21,40.858,15.327,NA,798.136,734.445,76.32,47.168,112.18,NA
"ME21Jul2015","B",2015,7,21,39.602,15.506,NA,871.467,761.227,77.285,42.309,117.601,NA
"ME24Jul2015","A",2015,7,24,47.045,14.216,NA,945.552,740.619,67.945,53.634,124.694,NA
"ME24Jul2015","B",2015,7,24,36.103,11.969,NA,783.647,706.127,70.068,50.031,113.072,NA
"ME26Jul2015","A",2015,7,26,32.476,13.177,NA,776.91,730.889,41.317,35.998,120.814,NA
"ME26Jul2015","B",2015,7,26,35.523,13.718,NA,769.529,689.217,34.475,27.046,122.455,NA
"ME28Jul2015","A",2015,7,28,47.377,22.918,NA,831.452,808.535,65.654,64.412,214.067,NA
"ME28Jul2015","B",2015,7,28,29.783,10.889,NA,693.432,700.589,32.357,26.989,117.114,NA
"ME30Jul2015","A",2015,7,30,37.998,12.45,NA,786.324,691.535,11.784,11.703,93.946,NA
"ME30Jul2015","B",2015,7,30,34.817,11.156,NA,734.25,672.981,15.318,12.539,96.012,NA
"ME01Aug2015","A",2015,8,1,35.068,11.803,NA,775.593,707.742,4.117,6.233,98.563,NA
"ME01Aug2015","B",2015,8,1,36.563,14.088,NA,760.638,703.205,6.184,5.09,119.696,NA
"ME03Aug2015","A",2015,8,3,33.161,10.473,NA,652.637,608.677,2.451,3.442,52.884,NA
"ME03Aug2015","B",2015,8,3,37.188,9.697,NA,692.029,591.669,2.589,0.924,51.388,NA
"ME05Aug2015","A",2015,8,5,51.324,26.038,NA,806.552,773.445,1.181,3.324,241.175,NA
"ME05Aug2015","B",2015,8,5,44.349,16.475,NA,781.975,720.853,2.166,0.845,131.724,NA
"ME07Aug2015","A",2015,8,7,37.471,10.333,NA,728.641,640.213,1.393,3.107,110.401,NA
"ME07Aug2015","B",2015,8,7,31.951,10.862,NA,702.386,610.576,1.878,0.816,75.313,NA
"ME09Aug2015","A",2015,8,9,35.875,13.877,NA,736.606,707.17,1.588,2.881,124.512,NA
"ME09Aug2015","B",2015,8,9,36.913,12.111,NA,724.293,676.126,2.512,0.577,136.231,NA
"ME11Aug2015","A",2015,8,11,38.556,13.589,NA,728.22,676.481,1.894,2.81,135.537,NA
"ME11Aug2015","B",2015,8,11,38.693,17.028,NA,716.38,690.54,1.556,0.451,125.907,NA
"ME13Aug2015","A",2015,8,13,28.596,11.977,NA,587.059,585.252,1.413,2.691,46.064,NA
"ME13Aug2015","B",2015,8,13,31.337,9.15,NA,643.167,592.633,1.881,0.389,86.184,NA
"ME16Aug2015","A",2015,8,16,26.303,9.643,NA,652.316,643.446,1.873,2.766,80.656,NA
"ME16Aug2015","B",2015,8,16,27.69,10.831,NA,660.685,639.8,2.135,0.402,87.014,NA
"ME19Aug2015","A",2015,8,19,21.906,12.101,NA,585.287,557.05,2.437,2.745,24.637,NA
"ME19Aug2015","B",2015,8,19,22.041,9.559,NA,602.629,592.212,2.817,0.312,27.589,NA
"ME20Aug2015UB","A",2015,8,20,24.083,13.363,NA,536.44,531.752,2.062,2.869,10.938,"Ubay TOIL 12m sample"
"ME20Aug2015UB","B",2015,8,20,23.319,11.279,NA,530.562,513.092,5.212,0.448,10.412,"Ubay TOIL 12m sample"
"ME22Aug2015","A",2015,8,22,33.69,11.967,NA,715.741,621.597,1.494,2.751,69.177,NA
"ME22Aug2015","B",2015,8,22,31.261,10.634,NA,660.72,609.795,3.09,0.339,63.388,NA
"ME25Aug2015","A",2015,8,25,28.831,12.543,NA,582.835,554.415,1.576,2.727,16.164,NA
"ME25Aug2015","B",2015,8,25,28.055,9.045,NA,589.249,520.759,2.22,0.292,15.795,NA
"ME30Aug2015","A",2015,8,30,25.461,12.162,NA,605.271,620.074,2.061,2.877,36.292,NA
"ME30Aug2015","B",2015,8,30,24.112,10.328,NA,582.343,613.404,3.426,0.454,40.056,NA
"ME01Sep2015","A",2015,9,1,22.609,10.605,NA,571.883,551.323,2.265,2.788,24.397,NA
"ME01Sep2015","B",2015,9,1,23.325,9.411,NA,569.647,586.173,2.726,0.375,25.401,NA
"ME13Sep2015","A",2015,9,13,23.765,11.509,NA,531.64,529.544,2.633,3.381,27.048,NA
"ME13Sep2015","B",2015,9,13,24.063,9.303,NA,505.839,543.263,3.028,1.152,25.249,NA
"ME16Sep2015","A",2015,9,16,26.016,14.32,NA,561.744,598.968,2.192,3.013,20.408,NA
"ME16Sep2015","B",2015,9,16,24.748,9.201,NA,523.29,526.128,2.382,0.264,12.697,NA
"ME19Sep2015","A",2015,9,19,28.236,10.381,NA,589.704,516.305,1.224,2.955,14.545,NA
"ME19Sep2015","B",2015,9,19,28.391,8.766,NA,626.649,575.944,1.773,0.269,21.562,NA
"ME22Sep2015","A",2015,9,22,27.19,10.924,NA,586.775,487.339,2.474,NA,11.49,NA
"ME22Sep2015","B",2015,9,22,30.456,8.075,NA,546.511,488.925,2.333,0.578,11.513,NA
"ME26Sep2015","A",2015,9,26,24.822,10.572,NA,585.954,565.166,1.623,2.712,16.194,NA
"ME26Sep2015","B",2015,9,26,26.427,11.289,NA,580.104,557.491,3.379,0.602,15.446,NA
"ME04Oct2015","A",2015,10,4,47.256,13.071,NA,706.815,620.395,3.737,3.321,147.257,NA
"ME04Oct2015","B",2015,10,4,43.307,11.938,NA,712.373,632.057,3.83,0.737,137.304,NA
"ME06Oct2015","A",2015,10,6,43.097,18.365,NA,644.675,646.296,3.935,3.299,157.793,NA
"ME06Oct2015","B",2015,10,6,43.738,14.844,NA,655.874,635.91,3.767,0.775,157.771,NA
"ME10Oct2015","A",2015,10,10,44.834,17.762,NA,690.596,617.827,6.343,3.913,150.619,NA
"ME10Oct2015","B",2015,10,10,42.46,16.143,NA,679.187,653.681,7.403,1.378,142.916,"No corresponding microbe sample"
"ME15Oct2015","A",2015,10,15,57.314,21.646,NA,755.625,669.758,10.083,4.515,185.768,"No corresponding microbe sample"
"ME15Oct2015","B",2015,10,15,53.914,19.839,NA,727.261,651.926,10.209,2.01,180.875,NA
"ME18Oct2015","A",2015,10,18,66.193,32.351,NA,845.221,735.871,15.101,5.229,229.582,NA
"ME18Oct2015","B",2015,10,18,64.329,30.453,NA,837.078,798.063,15.922,2.712,222.021,NA
"ME22Oct2015","A",2015,10,22,69.76,40.277,NA,886.555,819.597,21.158,5.287,308.775,NA
"ME22Oct2015","B",2015,10,22,74.867,38.769,NA,874.447,800.719,22.443,3.038,300.463,NA
"ME25Oct2015","A",2015,10,25,88.681,54.242,NA,965.422,902.982,18.057,5.581,414.905,NA
"ME25Oct2015","B",2015,10,25,81.885,51.888,NA,974.427,895.067,17.687,3.125,398.688,NA
"ME03Nov2015","A",2015,11,3,92.305,72.615,NA,1040.309,999.524,35.996,7.172,521.832,NA
"ME03Nov2015","B",2015,11,3,85.368,73.765,NA,1026.719,1006.41,35.69,4.869,503.469,NA
"ME10Nov2015","A",2015,11,10,86.088,68.83,NA,1036.112,992.818,55.086,9.431,522.358,NA
"ME10Nov2015","B",2015,11,10,89.408,69.546,NA,1055.829,1033.118,53.784,6.81,508.384,NA
"ME06Apr2016","A",2016,4,6,76.01,49.423,NA,1546.521,1381.99,693.212,107.224,65.035,NA
"ME06Apr2016","B",2016,4,6,73.433,30.166,NA,1372.935,1172.982,688.127,108.203,65.531,NA
"ME13Apr2016","A",2016,4,13,63.208,29.164,NA,1506.235,1282.777,668.419,95.66,83.079,NA
"ME13Apr2016","B",2016,4,13,72.071,34.405,NA,1351.861,1159.792,669.544,95.188,86.099,NA
"ME20Apr2016","A",2016,4,20,64.117,27.073,NA,1574.426,1312.58,635.658,85.286,96.011,NA
"ME20Apr2016","B",2016,4,20,66.346,30.718,NA,1346.805,1110.028,644.901,85.816,93.531,NA
"ME22Apr2016","A",2016,4,22,78.933,23.773,NA,1577.714,1262.329,606.249,81.415,77.477,NA
"ME22Apr2016","B",2016,4,22,67.439,24.106,NA,1367.283,1102.049,603.78,83.369,78.252,NA
"ME29Apr2016","A",2016,4,29,63.288,25.328,NA,1495.133,1281.541,586.399,69.328,139.269,NA
"ME29Apr2016","B",2016,4,29,68.845,35.576,NA,1329.404,1128.737,589.119,66.478,139.195,NA
"ME06May2016","A",2016,5,6,72.772,36.353,NA,1518.282,1392.459,581.993,53.356,187.387,NA
"ME06May2016","B",2016,5,6,118.255,46.479,NA,1477.776,1224.499,585.044,53.284,189.877,NA
"ME12May2016","A",2016,5,12,59.639,40.859,NA,1535.335,1417.949,587.718,43.063,212.773,NA
"ME12May2016","B",2016,5,12,58.982,51.654,NA,1304.472,1244.347,579.163,42.411,218.719,NA
"ME16May2016","A",2016,5,16,55.272,44.164,NA,1506.898,1441.094,577.909,38.739,227.98,NA
"ME16May2016","B",2016,5,16,59.441,47.781,NA,1309.779,1250.162,582.873,38.299,229.355,NA
"ME18May2016","A",2016,5,18,67.804,48.072,NA,1612.573,1406.787,581.816,36.039,225.417,NA
"ME18May2016","B",2016,5,18,68.333,55.283,NA,1347.83,1233,582.952,36.402,225.79,NA
"ME20May2016","A",2016,5,20,55.008,43.587,NA,1460.728,1362.183,570.174,35.005,203.701,NA
"ME20May2016","B",2016,5,20,52.505,49.454,NA,1270.525,1207.832,572.774,34.678,202.776,NA
"ME23May2016","A",2016,5,23,53.466,44.535,NA,1464.163,1410.53,583.024,34.099,185.876,NA
"ME23May2016","B",2016,5,23,75.884,45.354,NA,1354.287,1214.638,571.226,33.901,187.807,NA
"ME26May2016","A",2016,5,26,44.966,36.47,NA,1413.611,1333.202,567.821,32.775,155.304,NA
"ME26May2016","B",2016,5,26,43.224,38.249,NA,1279.714,1222.988,562.553,32.692,162.751,NA
"ME02Jun2016","A",2016,6,2,46.31,38.925,NA,1351.554,1288.011,509.009,28.787,154.25,NA
"ME02Jun2016","B",2016,6,2,60.833,47.492,NA,1176.453,1118.547,516.917,28.638,167.177,NA
"ME08Jun2016","A",2016,6,8,37.824,44.724,NA,1054.065,1123.239,445.471,26.57,161.767,NA
"ME08Jun2016","B",2016,6,8,38.244,46.989,NA,1033.11,1137.952,447.62,26.216,156.418,NA
"ME13Jun2016","A",2016,6,13,37.93,29.544,NA,1099.377,1005.818,409.642,24.792,153.118,NA
"ME13Jun2016","B",2016,6,13,35.81,29.154,NA,1027.298,918.156,415.339,24.952,159.335,NA
"ME21Jun2016","A",2016,6,21,39.843,26.348,NA,1099.36,1016.556,370.82,22.152,147.214,NA
"ME21Jun2016","B",2016,6,21,38.477,23.138,NA,1126.894,1022.788,366.693,22.443,146.405,NA
"ME23Jun2016","A",2016,6,23,34.959,21.947,NA,1043.436,942.637,365.773,22.007,151.511,NA
"ME23Jun2016","B",2016,6,23,34.778,23.845,NA,993.572,872.857,365.811,22.009,156.794,NA
"ME30Jun2016","A",2016,6,30,39.81,22.809,NA,951.356,781.468,251.342,17.84,167.184,NA
"ME30Jun2016","B",2016,6,30,42.021,29.669,NA,996.577,905.904,260.006,17.716,183.626,NA
"ME06Jul2016","A",2016,7,6,30.892,18.823,NA,1241.251,1174.745,177.093,14.671,215.435,NA
"ME06Jul2016","B",2016,7,6,35.527,18.29,NA,920.029,803.482,175.305,13.603,200.664,NA
"ME08Jul2016","A",2016,7,8,25.561,17.216,NA,842.655,709.621,113.436,9.927,148.519,NA
"ME08Jul2016","B",2016,7,8,24.632,9.802,NA,846.433,711.448,115.218,9.405,143.784,NA
"ME20Jul2016","A",2016,7,20,22.792,8.451,NA,862.555,745.99,62.199,15.85,185.999,NA
"ME20Jul2016","B",2016,7,20,20.659,9.549,NA,840.359,722.457,58.993,14.899,169.501,NA
"ME22Jul2016","A",2016,7,22,29.408,10.835,NA,769.683,663.856,37.198,8.272,138.332,NA
"ME22Jul2016","B",2016,7,22,23.446,11.556,NA,725.841,658.922,41.41,9.325,156.189,NA
"ME27Jul2016","A",2016,7,27,25.535,8.701,NA,750.794,659.028,28.789,11.699,179.958,NA
"ME27Jul2016","B",2016,7,27,24.658,11.752,NA,736.919,678.999,28.012,10.759,186.803,NA
"ME29Jul2016","A",2016,7,29,24.794,10.35,NA,790.419,649.254,22.033,6.38,187.713,NA
"ME29Jul2016","B",2016,7,29,26.596,10.226,NA,770.343,655.494,21.996,5.919,197.706,NA
"ME10Aug2016","A",2016,8,10,20.859,7.896,NA,736.686,600.593,6.658,1.058,166.616,NA
"ME10Aug2016","B",2016,8,10,22.405,7.179,NA,779.237,619.218,7.004,1.245,189.693,NA
"ME22Aug2016","A",2016,8,22,22.836,6.052,NA,729.665,543.622,5.324,0.699,146.301,NA
"ME22Aug2016","B",2016,8,22,17.747,7.026,NA,590.625,506.356,6.717,0.74,91.882,NA
"ME25Aug2016","A",2016,8,25,22.736,7.075,NA,675.761,524.274,7.883,0.64,128.734,NA
"ME25Aug2016","B",2016,8,25,16.418,5.968,NA,626.583,517.438,3.513,0.741,121.364,NA
"ME30Aug2016","A",2016,8,30,14.415,5.484,NA,614.132,506.08,4.44,0.62,116.936,NA
"ME30Aug2016","B",2016,8,30,15.196,4.976,NA,637.516,623.045,4.214,1.669,160.254,NA
"ME01Sep2016","A",2016,9,1,13.19,6.159,NA,622.663,562.854,5.3,0.665,131.36,NA
"ME01Sep2016","B",2016,9,1,14.539,4.638,NA,643.827,567.526,5.457,0.974,155.193,NA
"ME09Sep2016","A",2016,9,9,13.384,6.285,NA,608.81,586.398,6.224,0.921,109.894,NA
"ME09Sep2016","B",2016,9,9,15.825,3.192,NA,630.636,532.365,6.838,1.191,112.299,NA
"ME16Sep2016","A",2016,9,16,17.788,6.377,NA,726.073,567.157,12.544,1.537,126.098,NA
"ME16Sep2016","B",2016,9,16,21.753,5.56,NA,677.706,561.448,12.23,1.697,103.986,NA
"ME23Sep2016","A",2016,9,23,17.047,4.151,NA,635.294,565.128,15.768,1.856,109.264,NA
"ME23Sep2016","B",2016,9,23,16.173,5.016,NA,604.809,519.777,12.417,1.863,90.711,NA
"ME28Sep2016","A",2016,9,28,23.918,4.515,NA,650.184,563.42,21.671,2.453,104.662,NA
"ME28Sep2016","B",2016,9,28,22.956,4.387,NA,677.477,577.682,22.338,2.405,128.307,NA
"ME07Oct2016","A",2016,10,7,37.031,12.85,NA,767.547,624.919,29.54,3.595,158.89,NA
"ME07Oct2016","B",2016,10,7,31.632,13.532,NA,776.261,655.083,30.823,3.485,163.689,NA
"ME14Oct2016","A",2016,10,14,44.509,20.486,NA,830.324,669.826,31.957,4.386,195.405,NA
"ME14Oct2016","B",2016,10,14,46.378,20.877,NA,843.341,703.9,32.056,4.208,198.386,NA
"ME19Oct2016","A",2016,10,19,44.44,22.867,NA,787.64,649.225,44.513,4.805,185.49,NA
"ME19Oct2016","B",2016,10,19,46.058,20.301,NA,811.301,631.459,41.309,5.448,189.165,NA
"ME21Oct2016","A",2016,10,21,52.788,25.798,NA,950.443,704.678,50.309,5.327,216.067,NA
"ME21Oct2016","B",2016,10,21,48.091,27.623,NA,847.323,693.274,47.391,5.218,214.242,NA
"ME28Oct2016","A",2016,10,28,71.729,41.228,NA,999.067,801.773,52.316,5.923,326.912,NA
"ME28Oct2016","B",2016,10,28,77.051,42.569,NA,995.579,811.207,52.784,5.925,326.261,NA
"ME11Nov2016","A",2016,11,11,96.045,70.523,NA,1135.648,1009.282,102.835,7.618,446.752,NA
"ME11Nov2016","B",2016,11,11,93.038,68.838,NA,1160.519,998.858,105.105,8.128,448.119,NA
"ME16Nov2016","A",2016,11,16,99.605,73.195,NA,1172.836,1017.379,105.553,9.383,476.924,NA
"ME16Nov2016","B",2016,11,16,95.975,75.488,NA,1133.12,1003.63,105.643,9.367,548.2,NA
"ME21Apr2017","A",2017,4,21,100.956,34.399,NA,1691.142,1232.068,669.304,15.55,128.901,NA
"ME21Apr2017","B",2017,4,21,96.256,35.635,NA,1594.288,1250.545,666.129,15.773,128.787,NA
"ME12May2017","A",2017,5,12,82.123,41.216,NA,1520.582,1225.11,595.79,17.571,148.683,NA
"ME12May2017","B",2017,5,12,88.858,42.422,NA,1513.011,1251.569,592.76,17.073,143.857,NA
"ME23May2017","A",2017,5,23,100.068,59.947,NA,1632.496,1397.47,593.272,21.034,284.467,NA
"ME23May2017","B",2017,5,23,80.956,59.691,NA,1532.756,1353.296,592.017,20.964,279.627,NA
"ME25May2017","A",2017,5,25,71.148,63.19,NA,1433.986,1370.684,590.544,20.166,295.492,NA
"ME25May2017","B",2017,5,25,70.096,61.687,NA,1404.843,1375.756,597.597,20.181,292.794,NA
"ME02Jun2017","A",2017,6,2,68.384,66.494,NA,1444.775,1412.778,602.885,21.946,311.065,NA
"ME02Jun2017","B",2017,6,2,61.706,64.248,NA,1526.04,1445.879,600.355,21.516,316.833,NA
"ME07Jun2017","A",2017,6,7,65.591,55.408,NA,1414.965,1321.73,590.588,23.082,224.416,NA
"ME07Jun2017","B",2017,6,7,66.693,58.749,NA,1399.963,1334.216,591.385,22.568,238.763,NA
"ME09Jun2017","A",2017,6,9,67.896,57.385,NA,1358.302,1297.222,554.941,22.689,207.594,NA
"ME09Jun2017","B",2017,6,9,70.88,59.229,NA,1386.755,1285.594,569.502,23.207,210.104,NA
"ME13Jun2017","A",2017,6,13,58.462,55.99,NA,1031.298,983.382,369.195,18.575,236.367,NA
"ME13Jun2017","B",2017,6,13,64.304,55.913,NA,1262.523,1201.315,528.789,24.547,203.698,NA
"ME16Jun2017","A",2017,6,16,66.198,53.444,NA,1346.288,1231.716,476.876,26.706,207.463,NA
"ME16Jun2017","B",2017,6,16,66.902,32.299,NA,1409.53,1052.736,441.848,24.603,100.275,NA
"ME17Jun2017","A",2017,6,17,66.105,46.968,NA,1315.037,1182.815,456.086,26.97,186.904,NA
"ME17Jun2017","B",2017,6,17,67.842,51.543,NA,1348.654,1222.966,455.947,27.127,205.588,NA
"ME18Jun2017","A",2017,6,18,126,31.945,NA,1993.927,1112.152,423.109,25.168,129.515,NA
"ME18Jun2017","B",2017,6,18,49.786,36.003,NA,1219.369,1103.76,428.499,25.199,142.33,NA
"ME20Jun2017","A",2017,6,20,70.538,59.304,NA,1469.891,1336.095,431.585,30.323,341.66,NA
"ME20Jun2017","B",2017,6,20,67.864,56.278,NA,1396.611,1314.824,427.233,29.848,337.577,NA
"ME24Jun2017","A",2017,6,24,62.441,48.609,NA,1286.907,1170.703,430.552,31.238,245.787,NA
"ME24Jun2017","B",2017,6,24,63.861,52.988,NA,1332.323,1229.378,427.851,30.574,244.812,NA
"ME27Jun2017","A",2017,6,27,66.805,45.358,NA,1343.247,1152.8,428.765,32.411,197.415,NA
"ME27Jun2017","B",2017,6,27,63.744,42.885,NA,1356.615,1199.267,423.683,32.542,192.955,NA
"ME08Jul2017","A",2017,7,8,53.296,18.203,NA,1103.509,836.646,211.559,44.835,94.756,NA
"ME08Jul2017","B",2017,7,8,50.404,18.771,NA,1225.738,809.413,219.35,47.594,99.166,NA
"ME11Jul2017","A",2017,7,11,63.111,14.986,NA,1071.006,788.821,194.026,60.891,62.596,NA
"ME11Jul2017","B",2017,7,11,43.468,16.711,NA,975.584,793.03,208.171,67.555,66.236,NA
"ME14Jul2017","A",2017,7,14,46.663,18.478,NA,1053.568,866.934,186.41,94.226,75.52,NA
"ME14Jul2017","B",2017,7,14,48.162,19.985,NA,1137.34,843.755,214.333,106.073,80.51,NA
"ME18Jul2017","A",2017,7,18,43.194,18.542,NA,971.327,779.05,178.51,77.071,84.613,NA
"ME18Jul2017","B",2017,7,18,39.746,17.181,NA,950.437,785.488,182.549,76.402,73.716,NA
"ME24Jul2017","A",2017,7,24,46.314,16.369,NA,968.205,732.363,151.312,49.351,73.162,NA
"ME24Jul2017","B",2017,7,24,44.931,18.529,NA,940.222,741.837,154.723,52.378,76.074,NA
"ME27Jul2017","A",2017,7,27,42.985,17.585,NA,945.102,709.485,135.859,59.837,94.208,NA
"ME27Jul2017","B",2017,7,27,41.356,15.91,NA,909.495,684.905,125.883,53.614,81.164,NA
"ME01Aug2017","A",2017,8,1,36.68,14.291,NA,885.723,696.178,84.503,39.828,83.141,NA
"ME01Aug2017","B",2017,8,1,38.203,15.569,NA,808.228,674.746,93.26,46.775,79.796,NA
"ME05Aug2017","A",2017,8,5,41.876,20.171,NA,791.051,623.488,48.532,35.629,123.334,NA
"ME05Aug2017","B",2017,8,5,39.494,18.323,NA,835.631,732.198,37.408,27.534,110.054,NA
"ME08Aug2017","A",2017,8,8,34.877,18.073,NA,776.336,633.285,62.215,27.952,105.231,NA
"ME08Aug2017","B",2017,8,8,40.537,15.316,NA,826.116,590.875,44.937,18.676,99.701,NA
"ME18Aug2017","A",2017,8,18,28.616,7.675,NA,704.314,482.27,3.317,0.55,23.004,NA
"ME18Aug2017","B",2017,8,18,29.492,9.748,NA,696.377,524.641,2.895,0.756,20.869,NA
"ME24Aug2017","A",2017,8,24,31.277,8.564,NA,751.536,555.977,5.641,0.443,83.085,NA
"ME24Aug2017","B",2017,8,24,28.77,8.188,NA,708.466,502.81,15.209,0.733,77.26,NA
"ME30Aug2017","A",2017,8,30,20.989,4.4,NA,704.194,515.611,2.867,0.554,62.963,NA
"ME30Aug2017","B",2017,8,30,22.385,5.079,NA,696.178,513.157,3.174,0.414,56.028,NA
"ME07Sep2017","A",2017,9,7,28.463,11.351,NA,659.193,488.9,3.471,0.349,26.457,NA
"ME07Sep2017","B",2017,9,7,28.293,9.344,NA,651.068,471.148,4.171,0.308,26.836,NA
"ME15Sep2017","A",2017,9,15,24.851,6.99,NA,634.226,471.263,8.93,0.717,51.697,NA
"ME15Sep2017","B",2017,9,15,27.137,9.244,NA,642.859,528.279,8.687,0.802,53.733,NA
"ME22Sep2017","A",2017,9,22,22.853,11.938,NA,651.229,729.484,15.563,10.051,77.102,NA
"ME22Sep2017","B",2017,9,22,22.216,10.221,NA,620.745,500.567,14.017,11.805,68.058,NA
"ME04Oct2017","A",2017,10,4,43.439,11.164,NA,646.18,357.614,14.046,11.969,48.832,NA
"ME04Oct2017","B",2017,10,4,22.45,9.54,NA,652.547,519.457,13.704,11.952,52.924,NA
"ME13Oct2017","A",2017,10,13,36.435,14.871,NA,863.52,724.788,49.784,9.087,188.803,NA
"ME13Oct2017","B",2017,10,13,38.861,13.745,NA,813.859,684.138,49.032,9.282,176.935,NA
"ME20Oct2017","A",2017,10,20,54.295,40.174,NA,975.384,834.055,62.759,14.158,329.497,NA
"ME03Nov2017","A",2017,11,3,105.639,94.974,NA,1332.809,1231.78,99.557,19.715,729.771,NA
"ME03Nov2017","B",2017,11,3,105.931,95.051,NA,1297.091,1244.025,95.257,19.98,736.123,NA
"ME01Dec2017","A",2017,12,1,107.455,107.603,NA,1532.8,1495.724,236.081,21.928,816.47,NA
"ME01Dec2017","B",2017,12,1,111.092,108.478,NA,1514.723,1463.622,234.403,21.678,802.335,NA
"ME19Jan2018","A",2018,1,19,92.897,90.731,NA,1592.248,1503.226,376.732,26.215,658.085,NA
"ME19Jan2018","B",2018,1,19,94.39,64.112,NA,1502.769,1355.653,377.019,25.75,658.464,NA
"ME11Apr2018","A",2018,4,11,116.075,42.802,NA,1721.041,1336.413,707.002,101.754,238.688,NA
"ME11Apr2018","B",2018,4,11,111.193,45.896,NA,1686.577,1330.552,705.736,100.787,236.984,NA
"ME20Apr2018","A",2018,4,20,113.096,48.411,NA,1781.738,1470.701,724.802,102.285,307.373,NA
"ME20Apr2018","B",2018,4,20,105.722,63.789,NA,1690.064,1489.925,720.558,101.697,308.033,NA
"ME25Apr2018","A",2018,4,25,93.112,40.302,NA,1597.744,1461.58,718.897,99.551,278.395,NA
"ME25Apr2018","B",2018,4,25,108.181,42.311,NA,1674.209,1452.466,723.511,99.834,277.181,NA
"ME07May2018","A",2018,5,7,85.175,32.962,NA,1591.07,1318.484,724.268,92.289,135.517,NA
"ME07May2018","B",2018,5,7,81.964,26.691,NA,1515.978,1287.141,724.448,90.825,132.272,NA
"ME24May2018","A",2018,5,24,73.166,35.119,NA,1440.01,1338.259,656.28,75.685,225.211,NA
"ME24May2018","B",2018,5,24,65.775,27.95,NA,1391.035,1320.196,656.51,75.814,220.911,NA
"ME29May2018","A",2018,5,29,66.827,28.246,NA,1408.124,1400.701,641.894,74.163,205.382,NA
"ME29May2018","B",2018,5,29,77.651,23.603,NA,1445.438,1320.799,638.213,75.131,219.915,NA
"ME05Jun2018","A",2018,6,5,78.654,28.418,NA,1488.351,1215.053,576.231,77.123,172.274,NA
"ME05Jun2018","B",2018,6,5,71.799,20.065,NA,1475.059,1231.848,583.707,77.188,161.101,NA
"ME07Jun2018","A",2018,6,7,104.689,20.388,NA,2017.437,1334.849,538.484,77.91,146.122,NA
"ME07Jun2018","B",2018,6,7,107.161,33.295,NA,1933.913,1419.072,536.501,75.833,149.24,NA
"ME12Jun2018","A",2018,6,12,55.54,19.625,NA,1386.359,1371.926,579.67,70.565,235.912,NA
"ME12Jun2018","B",2018,6,12,53.927,26.161,NA,1372.706,1332.135,566.863,69.538,232.948,NA
"ME14Jun2018","A",2018,6,14,53.461,24.682,NA,1397.856,1348.753,564.342,64.59,257.4,NA
"ME14Jun2018","B",2018,6,14,55.816,21.803,NA,1432.738,1396.215,566.284,65.749,256.206,NA
"ME18Jun2018","A",2018,6,18,66.966,24.111,NA,1440.826,1322.757,531.912,69.288,246.93,NA
"ME18Jun2018","B",2018,6,18,71.738,28.341,NA,1440.207,1386.326,547.278,67.558,390.961,NA
"ME21Jun2018","A",2018,6,21,57.482,28.544,NA,1362.72,1297.812,577.91,58.206,223.282,NA
"ME21Jun2018","B",2018,6,21,67.133,29.123,NA,1356.885,1312.682,565.457,59.293,225.448,NA
"ME26Jun2018","A",2018,6,26,77.337,52.072,NA,1297.122,1261.559,587.197,56.808,151.567,NA
"ME26Jun2018","B",2018,6,26,70.17,30.633,NA,1320.872,1202.769,583.921,57.991,147.318,NA
"ME28Jun2018","A",2018,6,28,55.177,46.672,NA,1222.556,1150.799,547.181,64.215,90.809,NA
"ME28Jun2018","B",2018,6,28,63.093,58.715,NA,1246.052,1210.427,533.975,61.202,105.964,NA
"ME28Jun2018D0","surface",2018,6,28,135.643,16.005,NA,2055.981,825.679,341.68,66.346,3.229,NA
"ME03Jul2018","A",2018,7,3,71.003,43.603,NA,1223.694,1029.514,436.399,52.559,89.24,NA
"ME03Jul2018","B",2018,7,3,78.03,38.867,NA,1377.455,957.531,420.317,52.971,87,NA
"ME06Jul2018","A",2018,7,6,43.909,29.929,NA,1089.398,990.498,383.241,45.43,106,NA
"ME06Jul2018","B",2018,7,6,51.677,31.942,NA,1097.379,958.338,393.072,44.014,112.695,NA
"ME09Jul2018","A",2018,7,9,54.455,30.852,NA,1065.791,922.598,310.534,35.549,97.105,NA
"ME09Jul2018","B",2018,7,9,52.985,30.614,NA,1036.178,853.705,293.257,35.804,89.991,NA
"ME11Jul2018","A",2018,7,11,55.591,30.034,NA,1116.456,999.343,373.131,42.09,98.773,NA
"ME11Jul2018","B",2018,7,11,47.579,30.153,NA,1039.682,950.124,362.265,39.822,92.124,NA
"ME17Jul2018","A",2018,7,17,56.037,27.115,NA,1243.481,954.586,374.543,53.164,89.544,NA
"ME17Jul2018","B",2018,7,17,52.412,27.971,NA,1231.116,1018.407,369.05,53.756,97.858,NA
"ME19Jul2018","A",2018,7,19,43.589,23.927,NA,1046.205,938.09,358.28,71.704,85.312,NA
"ME19Jul2018","B",2018,7,19,43.856,24.808,NA,1058.045,960.262,369.015,72.856,82.289,NA
"ME24Jul2018","A",2018,7,24,39.864,16.789,NA,913.658,750.216,206.293,57.734,53.199,NA
"ME24Jul2018","B",2018,7,24,46.837,20.08,NA,978.45,762.677,217.368,62.256,62.464,NA
"ME27Jul2018","A",2018,7,27,38.529,14.537,NA,834.8,685.239,139.306,38.902,33.242,NA
"ME27Jul2018","B",2018,7,27,36.759,14.861,NA,836.213,674.906,154.933,42.673,38.102,NA
"ME01Aug2018","A",2018,8,1,33.424,17.15,NA,811.068,705.17,174.338,63.996,70.693,NA
"ME01Aug2018","B",2018,8,1,33.806,18.892,NA,835.847,713.403,189.479,70.505,85.044,NA
"ME06Aug2018","A",2018,8,6,25.165,14.066,NA,779.036,694.154,162.447,62.57,72.762,NA
"ME06Aug2018","B",2018,8,6,30.919,12.863,NA,835.42,704.085,174.84,64.102,71.749,NA
"ME08Aug2018","A",2018,8,8,31.027,14.807,NA,782.526,679.321,154.98,58.826,65.522,NA
"ME08Aug2018","B",2018,8,8,33.428,14.408,NA,824.026,658.611,152.63,57.991,72.373,NA
"ME14Aug2018","A",2018,8,14,19.894,8.746,NA,711.596,585.318,93.319,47.907,61.234,NA
"ME14Aug2018","B",2018,8,14,18.498,9.56,NA,666.341,617.485,95.315,48.99,64.572,NA
"ME16Aug2018","A",2018,8,16,23.593,8.593,NA,724.942,577.437,83.568,36.949,75.344,NA
"ME16Aug2018","B",2018,8,16,22.672,8.666,NA,637.784,532.813,63.114,29.647,61.175,NA
"ME20Aug2018","A",2018,8,20,23.249,8.548,NA,669.619,522.143,51.156,14.243,59.185,NA
"ME20Aug2018","B",2018,8,20,25.936,11.826,NA,679.628,546.41,50.508,14.127,55.675,NA
"ME25Aug2018","A",2018,8,25,31.672,16.459,NA,700.859,529.121,49.877,17.464,67.067,NA
"ME25Aug2018","B",2018,8,25,31.72,18.198,NA,716.295,522.117,52.81,19.237,72.746,NA
"ME31Aug2018","A",2018,8,31,16.688,12.227,NA,385.855,327.925,40.142,24.528,79.471,NA
"ME31Aug2018","B",2018,8,31,29.633,11.167,NA,686.684,514.636,29.255,18.096,46.459,NA
"ME04Sep2018","A",2018,9,4,28.152,15.429,NA,655.124,489.313,12.12,12.867,73.25,NA
"ME04Sep2018","B",2018,9,4,29.805,14.554,NA,649.993,487.584,11.946,11.501,65.134,NA
"ME14Sep2018","A",2018,9,14,21.757,12.385,NA,567.289,488.301,3.697,2.297,39.684,NA
"ME14Sep2018","B",2018,9,14,24.702,14.449,NA,654.871,556.862,3.018,2.347,49.418,NA
"ME22Sep2018","A",2018,9,22,29.378,14.211,NA,684.116,521.605,8.548,3.91,46.581,NA
"ME22Sep2018","B",2018,9,22,28.601,17.192,NA,713.295,510.063,14.015,4.096,55.855,NA
"ME29Sep2018","A",2018,9,29,33.948,18.488,NA,730.83,545.601,19.482,5.431,35.022,NA
"ME29Sep2018","B",2018,9,29,24.833,19.302,NA,732.441,570.488,20.206,5.388,40.931,NA
"ME05Oct2018","A",2018,10,5,40.037,24.488,NA,739.803,608.667,43.871,7.197,112.443,NA
"ME05Oct2018","B",2018,10,5,42.253,23.312,NA,746.23,620.834,49.141,6.981,115.927,NA
"ME13Oct2018","A",2018,10,13,52.005,41.575,NA,823.928,672.901,78.336,11.728,155.516,NA
"ME13Oct2018","B",2018,10,13,54.562,39.183,NA,843.645,731.796,78.607,11.709,160.351,NA
"ME24Oct2018","A",2018,10,24,92.398,89.524,NA,1031.134,886.009,106.045,18.537,371.341,NA
"ME24Oct2018","B",2018,10,24,99.629,83.203,NA,1038.299,904.399,106.644,18.593,372.721,NA
"ME31Oct2018","A",2018,10,31,114.67,103.563,NA,1184.055,1077.288,131.586,24.147,482.336,NA
"ME31Oct2018","B",2018,10,31,112.71,103.352,NA,1136.185,1049.12,128.851,23.796,478.609,NA
"ME08Nov2018","A",2018,11,8,93.058,100.156,NA,1139.262,1118,191.714,36.711,487.743,NA
"ME08Nov2018","B",2018,11,8,105.174,100.72,NA,1180.913,1152.978,187.772,36.267,498.746,NA
